{
  "name": "gfx-town-website",
  "version": "1.0.0",
  "type": "module",
  "license": "MIT",
  "scripts": {
    "dev": "vite",
    "build": "vite build",
    "preview": "vite preview"
  },
  "dependencies": {
    "@hookform/resolvers": "^3.10.0",
    "@radix-ui/react-accordion": "^1.2.4",
    "@radix-ui/react-alert-dialog": "^1.1.7",
    "@radix-ui/react-aspect-ratio": "^1.1.3",
    "@radix-ui/react-avatar": "^1.1.4",
    "@radix-ui/react-checkbox": "^1.1.5",
    "@radix-ui/react-collapsible": "^1.1.4",
    "@radix-ui/react-context-menu": "^2.2.7",
    "@radix-ui/react-dialog": "^1.1.7",
    "@radix-ui/react-dropdown-menu": "^2.1.7",
    "@radix-ui/react-hover-card": "^1.1.7",
    "@radix-ui/react-label": "^2.1.3",
    "@radix-ui/react-menubar": "^1.1.7",
    "@radix-ui/react-navigation-menu": "^1.2.6",
    "@radix-ui/react-popover": "^1.1.7",
    "@radix-ui/react-progress": "^1.1.3",
    "@radix-ui/react-radio-group": "^1.2.4",
    "@radix-ui/react-scroll-area": "^1.2.4",
    "@radix-ui/react-select": "^2.1.7",
    "@radix-ui/react-separator": "^1.1.3",
    "@radix-ui/react-slider": "^1.2.4",
    "@radix-ui/react-slot": "^1.2.0",
    "@radix-ui/react-switch": "^1.1.4",
    "@radix-ui/react-tabs": "^1.1.4",
    "@radix-ui/react-toast": "^1.2.7",
    "@radix-ui/react-toggle": "^1.1.3",
    "@radix-ui/react-toggle-group": "^1.1.3",
    "@radix-ui/react-tooltip": "^1.2.0",
    "@tanstack/react-query": "^5.62.8",
    "class-variance-authority": "^0.7.1",
    "clsx": "^2.1.1",
    "cmdk": "^1.0.4",
    "date-fns": "^4.1.0",
    "embla-carousel-react": "^8.5.3",
    "framer-motion": "^11.17.11",
    "input-otp": "^1.4.1",
    "lucide-react": "^0.469.0",
    "next-themes": "^0.4.4",
    "react": "^18.3.1",
    "react-day-picker": "^9.4.5",
    "react-dom": "^18.3.1",
    "react-hook-form": "^7.54.2",
    "react-icons": "^5.4.0",
    "react-resizable-panels": "^2.1.9",
    "recharts": "^2.14.1",
    "tailwind-merge": "^2.5.5",
    "vaul": "^1.1.2",
    "wouter": "^3.4.1",
    "zod": "^3.24.1"
  },
  "devDependencies": {
    "@tailwindcss/typography": "^0.5.15",
    "@tailwindcss/vite": "^0.0.8",
    "@types/react": "^18.3.19",
    "@types/react-dom": "^18.3.5",
    "@vitejs/plugin-react": "^4.3.4",
    "autoprefixer": "^10.4.20",
    "postcss": "^8.5.14",
    "tailwindcss": "^3.5.15",
    "tailwindcss-animate": "^1.0.7",
    "typescript": "^5.7.3",
    "vite": "^5.4.19"
  }
}